vendor,id,alarm_name,alarm_severity,alarm_start_date,alarm_end_date,location_site,card_uid,card_family,alarm_group,site_code,equipamento,Site,NE,Endereco,Complemento,Latitude,Longitude,Cidade,Severidade,Regional,Anel,alarm_active,Classificacao,flag
,,,,,,,,,,,,Mussuré,,"Rua Evany Viana Machado, s/n-",Conjunto Costa e,0,0,João Pessoa,,,,0,,1
,,,,,,,,,,,,Ouro Preto,1ORP-OPD,"Rod. BR 356 BH-Ouro Preto, Km 61",Sítio Rural Itabirito 51,-20.296297,-43.759295,Itabirito,,Leste,ANEL 1,0,,1
,,,,,,,,,,,,João Monlevade,1JML-MVE,"Estrada do Forninho, S/N",,-19.81647,-43.13512,João Monlevade,,Leste,ANEL 7 LITORAL INFERIOR,0,,1
,,,,,,,,,,,,Belo Horizonte CEMIG,4BHE-CGG,"AV.Barbacena ,1200 - Santo Agostinho",,0,0,Belo Horizonte,,Leste,,0,,1
,,,,,,,,,,,,RJ1 EQUINIX Data Center,2RJO-RJ1,"R. Voluntários da Pátria, 360 - Botafogo",,-22.95487,-43.19462,Rio de Janeiro,,Leste,,0,,1
,,,,,,,,,,,,Belo Horizonte GLOBO,4BHE-GCP,"Av. Amercio Vespúcio, 2045 - Caiçaras",,0,0,Belo Horizonte,,Leste,,0,,1
,,,,,,,,,,,,Grajaú - Rio de Janeiro,1RJO-GJU,"Rua Borda do Mato, 381",Estação de Furnas,-22.92667,-43.26556,Rio de Janeiro,,Leste,,0,,1
,,,,,,,,,,,,Monsenhor Jerônimo VIVO,4RJO-MSJ,"Rua Monsenhor Jeronimo,94 ",Engenho de Dentro CEP20730-110,0,0,Rio de Janeiro,,Leste,,0,,1
,,,,,,,,,,,,Rio de Janeiro TELEPORTO,2RJO-TLP,"RUA AFONSO CAVALCANTI, 58 (no poste em frente)",Ed. Centro Empresarial,-22.910236,-43.203817,Rio de Janeiro,,Leste,,0,,1
,,,,,,,,,,,,Almenara,1ALM-AMN,"Praça Subestação, Nº 265 - Centro",Torre 24 - trecho Almenara-Itajimirim-CE002 Cx 846 ,-16.189431,-40.689396,Almenara,,Leste,ANEL 7 LITORAL INFERIOR,0,,1
,,,,,,,,,,,,RIO DE JANEIRO,1RJO-PTT,"Rua Carolina Reydner, 50",,22.914561,43.197144,Rio de Janeiro,,Leste,,0,,1
,,,,,,,,,,,,João Monlevade ATC,4JML-ATC,"Rua Geraldo Antonio, 130",Centro - Sala ATC,-19.817276,-43.17597,João Monlevade,,Leste,,0,,1
,,,,,,,,,,,,Rio de Janeiro COMSAT,4RJO-CST,"Av. Rio Branco 01, Sala 1810-Centro",,-43.18059,-22.89747,Rio de Janeiro,,Leste,,0,,1
,,,,,,,,,,,,Itaipava,4PTS-ITA,"CAIXA DE EMENDA ROTA CONCER (22º23'15.71""S; 43º08'01.00""O) - BR 040 km 59",,-22.387697,-43.133611,Petrópolis,,Leste,,0,,1
ciena,-6019018546474116379,Domain Optical Controller Disabled,MINOR,2025-09-18T12:33:04,,1IBA-ITDC14-001,DOC-1-1,DOC,DOC_DISABLED,1IBA-ITD,1IBA-ITDC14-001,Itabira,1IBA-ITD,"Rua Catatau, 10",Bairro Pedreira,-19.59581,-43.199468,Itabira,,Leste,ANEL 7 LITORAL INFERIOR,0,,1
ciena,-769549776608849969,Temp acima de 34C,CRITICAL,2025-09-18T13:41:57,,1PLU-PCAC14-001,ENV-1-10,ENV,HITEMP,1PLU-PCA,1PLU-PCAC14-001,Porto Colômbia,1PLU-PCA,Estrada Furnas - Planura S/N,,-20.12095,-48.57384,Planura,Major,Leste,ANEL 7 INTERIOR INFERIOR,0,Temperatura,1
ciena,2688409474096081459,Condicionador 1 Anormal,CRITICAL,2025-09-22T19:13:29,,1PRT-PTAC14-001,ENV-1-12,ENV,AIRCOND,1PRT-PTA,1PRT-PTAC14-001,Prata,1PRT-PTA,Torre 250 LT Porto colômbia-Itumbiara,Fazenda Conchal,-19.267554,-48.845602,Prata,Major,Leste,ANEL 7 INTERIOR INFERIOR,0,Ar Condicionado,1
padtec,15410020,Ganho abaixo da Máscara,MINOR,2025-08-14T18:30:15,2025-08-14T18:30:15,01 - 4ALM-ATC16L-001,EOA2-HA-C18181-ZW#930,AMPLIFIER,POWER,4ALM-ATC,Stage 2,Almenara ATC,4ALM-ATC,"Rua Bias Fortes , 303 A - Centro",,-16.18077,-40.696683,Almenara,,Leste,,0,,1
ciena,5932176646336929929,T-SES-E,INFO,2025-09-23T10:17:00,,1ALS-FNSC14-001,ETH10G-1-11-2,ETH10G,T-SES-E,1ALS-FNS,1ALS-FNSC14-001,Furnas,1ALS-FNS,"Rua Lavras, 288",,-20.666128,-46.321888,Alpinópolis,,Leste,ANEL 1,0,,1
ciena,2094923438950426903,T-SES-PCS,INFO,2025-09-19T17:05:00,,1ARPO-IRAC07-001,ETH10G-1-6-7,ETH10G,T-SES-PCS,1ARPO-IRA,1ARPO-IRAC07-001,Itumbiara,1ARPO-IRA,"Rod. BR 013, km 01",Usina Hidrelétrica de Itumbiara,-18.409096,-49.113926,Araporã,,Leste,ANEL 7 INTERIOR INFERIOR,0,,1
ciena,7190099723296695502,T-SES-E,INFO,2025-09-22T01:11:45,,1NIU-ANSC14-001,ETH10G-1-9-4,ETH10G,T-SES-E,1NIU-ANS,1NIU-ANSC14-001,Adrianópolis,1NIU-ANS,"Estrada de Adrianópolis, km 13,5",,-22.667401,-43.475002,Nova Iguaçu,,Leste,ANEL 1,0,,1
ciena,-3760584970524515803,Channel Degrade,MINOR,2025-09-23T14:46:20,,1DNL-CJUC14-001,NMCC-1-5-5-31-1,NMCC,SIGNAL_DEGRADE_OCH,1DNL-CJU,1DNL-CJUC14-001,Carmo do Cajuru,1DNL-CJU,Torre 271 da LT Pimenta - Barreiro (Furnas),"Pasto da Cruz, Fazenda do Ferrador",-20.209037,-44.779453,Divinópolis,,Leste,ANEL 1,0,,1
ciena,-372881253446754512,Channel Degrade,MINOR,2025-09-22T15:16:57,,1IIG-ITUC14-001,NMCC-1-6-22-30-1,NMCC,SIGNAL_DEGRADE_OCH,1IIG-ITU,1IIG-ITUC14-001,Ipatinga,1IIG-ITU,"Rua Naeorobi, 15",Bethânia,-19.437767,-42.558654,Ipatinga,,Leste,ANEL 7 LITORAL INFERIOR,0,,1
ciena,8433783458732371105,Channel Degrade,MINOR,2025-09-22T14:28:15,,1TOT-TEOC14-001,NMCC-1-7-22-18-1,NMCC,SIGNAL_DEGRADE_OCH,1TOT-TEO,1TOT-TEOC14-001,Teófilo Otoni,1TOT-TEO,"Rodovia BR - 116, Km 685 s/n",,-17.86956,-41.521455,Teófilo Otoni,,Leste,ANEL 7 LITORAL INFERIOR,0,,1
ciena,-953393021055314122,Channel Degrade,MINOR,2025-09-22T14:26:41,,1IOM-IOMC14-001,NMCC-1-7-22-50-1,NMCC,SIGNAL_DEGRADE_OCH,1IOM-IOM,1IOM-IOMC14-001,Itaobim,1IOM-IOM,"Rodovia BR 367, km2",Subestação da Cemig,-16.573239,-41.485944,Itaobim,,Leste,ANEL 7 LITORAL INFERIOR,0,,1
ciena,4354098341140010265,T-OPT-OCH,INFO,2025-09-18T03:02:15,,1PCS-PCSC14-001,NMCMON-1-2-8-191700000,NMCMON,T-OPT-OCH,1PCS-PCS,1PCS-PCSC14-001,Poços de Caldas,1PCS-PCS,"Rua Liliza Ottoni, s/n",Campo do Saco,-21.79746,-46.61596,Poços de Caldas,,Leste,ANEL 1,0,,1
ciena,6043724923283900411,T-OPT-OCH,INFO,2025-09-05T16:49:15,,1PSO-PSSC07-001,NMCMON-1-3-8-193400000,NMCMON,T-OPT-OCH,1PSO-PSS,1PSO-PSSC07-001,Passos,1PSO-PSS,"R. Barão de Passos, s/n",,-20.701066,-46.591487,Passos,,Leste,,0,,1
ciena,7640947889733681725,T-OPT-OCH,INFO,2025-09-18T03:02:15,,1MUZ-MBOC14-001,NMCMON-1-4-5-191700000,NMCMON,T-OPT-OCH,1MUZ-MBO,1MUZ-MBOC14-001,Muzambinho,1MUZ-MBO,Rodovia Muzambinho - Nova Resende,Torre 168 da LT Furnas-Poços de Caldas - Sítio Córrego da Serra,-21.268144,-46.465128,Muzambinho,,Leste,ANEL 1,0,,1
ciena,1806189147427554105,T-OPT-OCH,INFO,2025-09-18T03:02:18,,1CMN-CMNC14-001,NMCMON-1-4-5-195550000,NMCMON,T-OPT-OCH,1CMN-CMN,1CMN-CMNC14-001,Campanário,1CMN-CMN,BR 116 (próximo ao Posto Bicho Grosso),ELETRONET,-18.334092,-41.762206,Frei Inocêncio,,Leste,ANEL 7 LITORAL INFERIOR,0,,1
ciena,7451915298497140702,T-OPT-OCH,INFO,2025-09-18T03:02:19,,1PDP-PDPC14-001,NMCMON-1-4-5-195800000,NMCMON,T-OPT-OCH,1PDP-PDP,1PDP-PDPC14-001,Padre Paraíso,1PDP-PDP,"Rua Marionilio Lopes, s/n - Bom Jesus",,-17.07102,-41.46788,Padre Paraíso,,Leste,ANEL 7 LITORAL INFERIOR,0,,1
ciena,4017127569037113948,T-OPT-OCH,INFO,2025-09-18T03:02:15,,1PMN-PMAC14-001,NMCMON-1-5-5-193550000,NMCMON,T-OPT-OCH,1PMN-PMA,1PMN-PMAC14-001,Pimenta,1PMN-PMA,"Rodovia MG - 050, km 210",SE Pimenta 99999,-20.47002,-45.794617,Pimenta,,Leste,ANEL 1,0,,1
ciena,7305545674401156138,T-OPT-OCH,INFO,2025-09-24T03:18:29,,1JQT-JQTC14-001,NMCMON-1-5-7-192800000,NMCMON,T-OPT-OCH,1JQT-JQT,1JQT-JQTC14-001,Jequitinhonha,1JQT-JQT,"Rodovia BR 367, Km 63 - Monte Negro",,-16.44137,-41.017503,Jequitinhonha,,Leste,ANEL 7 LITORAL INFERIOR,1,,1
ciena,2831012011198426031,T-OPT-OCH,INFO,2025-09-05T19:36:15,,1III-MHSC14-001,NMCMON-1-9-5-193000000,NMCMON,T-OPT-OCH,1III-MHS,1III-MHSC14-001,Mascarenhas de Moraes,1III-MHS,"Estrada Ibiraci, s/n ",USINA de Furnas,-20.288967,-47.069358,Ibiraci,,Leste,ANEL 7 INTERIOR INFERIOR,0,,1
ciena,-1377701718147781798,T-OPT-OCH,INFO,2025-09-05T19:36:14,,1MGL-MGSC14-001,NMCMON-1-9-5-193000000,NMCMON,T-OPT-OCH,1MGL-MGS,1MGL-MGSC14-001,Miguelópolis,1MGL-MGS,Torre 123 LT Masc. Morais - Porto Colômbia,Sítio Fim da Picada - Dist. S. Benedito Cachoeirin,-20.221682,-47.884914,Miguelópolis,,Leste,ANEL 7 INTERIOR INFERIOR,0,,1
padtec,15435792,Equipamento Nao Responde (TRAP DEL),CRITICAL,2025-08-21T16:46:48,2025-08-21T16:46:48,02 - 1BHE-ITE16L-001,OPS-HA#863,OPS,EQUIPMENT,1BHE-ITE,,Itambé,1BHE-ITE,"Rua Geraldo Teixeira da Costa, 189 - Floresta",Floresta,-19.920805,-43.932,Belo Horizonte,,Leste,,0,,1
ciena,-792852548386485082,T-SES-ODU,INFO,2025-09-22T22:23:00,,1GVS-GVDC14-002,OTM2-1-14-5,OTM2,T-SES-ODU,1GVS-GVD,1GVS-GVDC14-002,Governador Valadares,1GVS-GVD,"Rod. BR 116, Km 553",Planalto,-18.850504,-41.978873,Governador Valadares,,Leste,ANEL 7 LITORAL INFERIOR,0,,1
padtec,15444853,Temperatura Acima 34°C (10),MAJOR,2025-08-24T23:02:08,,04 - 1BCA-BBD16L-001,SHK 1U#1585,SHK,,1BCA-BBD,,Barbacena,1BCA-BBD,"Rodovia BR-040, km 695",,-21.186011,-43.752839,Barbacena,,Leste,ANEL 1,0,,1
padtec,15444926,Falha Energia AC (2),MINOR,2025-08-24T23:47:06,2025-08-24T23:48:56,02 - 1TRS-TRS16L-001,SHK 1U#1587,SHK,,1TRS-TRS,,Três Rios,1TRS-TRS,Marginal BR040 Trevo de Três Rios.,Sentido JFA - RJO,-22.11878,-43.15829,Três Rios,,Leste,ANEL 1,0,,1
padtec,15444535,Falha de Retificador (1),MINOR,2025-08-24T19:30:56,2025-08-24T19:32:31,05 - 1CNL-LFE16L-001,SHK 1U#1621,SHK,,1CNL-LFE,,Conselheiro Lafaiete,1CNL-LFE,"Rodovia BR-040, km 623",Alto da Água Boa,-20.662337,-43.823436,Conselheiro Lafaiete,,Leste,ANEL 1,0,,1
ciena,2183253735009592289,SNC Unavailable,CRITICAL,2025-09-20T03:25:43,,1BHE-BROC14-001,SNC0-1-20,SNC,SNCU,1BHE-BRO,1BHE-BROC14-001,Barreiro,1BHE-BRO,Rua Falcão 722,B. Flávio Marques Lisboa,-20.000807,-43.99278,Belo Horizonte,,Leste,ANEL 1,0,,1
ciena,6590989927096507237,Release 'REL1691Z.LQ' successfully delivered,INFO,2025-08-27T14:02:51,,1URA-URUC07-001,SP-1-15,COM,SWFTDWN,1URA-URU,1URA-URUC07-001,Uberaba,1URA-URU,"Av. Olimpio Jacinto Silva, s/n",,-19.718182,-47.915084,Uberaba,,Leste,,0,,1
ciena,-7940881172864445725,"Remote transfer of files for 'REL1691Z.LQ' - 1337 of 1360 MB, 247 of 248 Files",INFO,2025-08-26T14:24:17,,1ARI-AGIC14-001,SP-1-15,COM,SWFTDWN,1ARI-AGI,1ARI-AGIC14-001,Araguari,1ARI-AGI,"Rua Vereador Adolfo Duarte, 1137",Bairro Fátima,-18.653096,-48.208658,Araguari,,Leste,,0,,1
ciena,-5166229658870166575,Release 'REL1691Z.LQ' successfully delivered,INFO,2025-08-27T14:02:34,,1SQN-JGAC07-001,SP-1-15,COM,SWFTDWN,1SQN-JGA,1SQN-JGAC07-001,Jaguara,1SQN-JGA,"Rod. MG - 428, Km 102",Rio Grande - Dentro da US Jaguara da CEMIG,-20.014098,-47.437665,Sacramento,,Leste,,0,,1
ciena,-3492360679638856790,Release 'REL1691Z.LQ' successfully delivered,INFO,2025-08-27T14:02:40,,1ULA-ULUC07-001,SP-1-15,COM,SWFTDWN,1ULA-ULU,1ULA-ULUC07-001,Uberlândia,1ULA-ULU,"Rodovia BR - 365, Km09", saida Ituiutaba,-18.908262,-48.333921,Uberlândia,,Leste,,0,,1
ciena,-2290786833161953977,"Retrieve log status: slot 9 done, status: Success",INFO,2025-09-24T12:19:02,,1BHE-TQLC14-001,SP-1-15,COM,LOG_COLN_STATUS,1BHE-TQL,1BHE-TQLC14-001,Taquaril,1BHE-TQL,Estrada Velha Nova Lima,Sabará km9,-19.930487,-43.850554,Belo Horizonte,,Leste,ANEL 1,1,,1
padtec,15443873,Reinicio Supervisor,WARNING,2025-08-24T15:45:07,2025-08-24T15:45:07,01 - 1BER-SJE16L-001,SPVL-4#6247,SUPERVISOR,EQUIPMENT,1BER-SJE,,São José,1BER-SJE,"Estrada Sarapui, s/n",Belford Roxo,-22.749481,-43.334166,Rio de Janeiro,,Leste,ANEL 1,0,,1
padtec,15444938,DEG ODU (P1),CRITICAL,2025-08-24T23:54:40,2025-08-24T23:54:56,02 - 1RJO-FCA16L-001,T100-HA#1579,TRANSPONDER,ODU,1RJO-FCA,,Frei Caneca,1RJO-FCA,"Rua Carolina Reydner, 50",,-22.914561,-43.197144,Rio de Janeiro,,Leste,,0,,1
padtec,15441726,OTU SM DEG (Line 1),MAJOR,2025-08-23T17:07:13,2025-08-23T17:07:14,06 - 4RJO-GCG16L-001,TD100G-HA#1311,TRANSPONDER,OTU,4RJO-GCG,,Rio de Janeiro GLOBALCROSSING,4RJO-GCG,"Av. Pedro II, 329 - São Cristóvão, Rio de Janeiro - RJ, 20941-070",,-22.90505,-43.217938,Rio de Janeiro,,Leste,,0,,1
padtec,15444885,Equalização não alcançável (C50),MAJOR,2025-08-24T23:14:27,2025-08-24T23:14:31,03 - 1JFA-JFU16L-001,WSS-9105C40AA#529,ROADM_WSS,EQUALIZATION,1JFA-JFU,,Juiz de Fora,1JFA-JFU,Estrada da Represa km 1,N. Sra Aparecida,-21.712236,-43.403271,Juiz de Fora,,Leste,ANEL 1,0,,1
padtec,15443047,LOS no canal (C59),MAJOR,2025-08-24T06:19:13,2025-08-24T06:19:23,04 - 1BMA-VRA16L-001,WSS-9105C40AA#623,ROADM_WSS,CHANNEL,1BMA-VRA,,Volta Redonda,1BMA-VRA,Torre 244 da LT CPA - ANS (Furnas),Boa Vista/Barra Mansa,-22.565754,-44.120764,Barra Mansa,,Leste,ANEL 1,0,,1
,,,,,,,,,,,,Salvador AMERICANET,4SDR-ANT,-,,-38.45025,-12.9801,Salvador,,Nordeste,,0,,1
,,,,,,,,,,,,PIX TERESINA,2TSA-PTT,"Av. Odilon Araújo, 372 - Piçarra",,-5.096338,-42.798953,Teresina,,Nordeste,,0,,1
,,,,,,,,,,,,Santa Cruz,1SNZ-SCZ,Av. Paulo Afonso s/n,Paraíso,-6.236338,-36.036117,Santa Cruz,,Nordeste,ANEL 7 LITORAL SUPERIOR,0,,1
,,,,,,,,,,,,PIX SALVADOR,2SDR-PTT,"Av. Ademar de Barros, s/n, CPD/UFBA",,-13.001694,-38.507649,Salvador,,Nordeste,,0,,1
,,,,,,,,,,,,PIX MACEIÓ (RNP),2MCO-PTT,"Rua Melo Morais, 354, Bairro Centro - 57020-330",,-9.661212,-35.741746,Maceió,,Nordeste,,0,,1
,,,,,,,,,,,,Teixeira de Freitas,4TAF-TAF, Travessa Garibaldi 60 - Recanto do Lago Teixeira de Freitas - BA,,0,0,Teixeira de Freitas,,Nordeste,,0,,1
,,,,,,,,,,,,PIX CAMPINA GRANDE,2CGE-PTT,Rua João A. Filho s/n,,-7.23055,-35.897308,Campina Grande,,Nordeste,,0,,1
,,,,,,,,,,,,PIX RECIFE,2RCE-PTT,"Av. Professor Luiz Freire, 700",,-8.057975,-34.952097,Recife,,Nordeste,,0,,1
,,,,,,,,,,,,PIX NATAL,2NTL-PTT," Av. Sen. Salgado Filho, 3000",,-5.839709,-35.201683,Natal,,Nordeste,,0,,1
,,,,,,,,,,,,Pituaçu,1SDR-PTU,"Av. São Rafael, s/n",,-12.937897,-38.420719,Gentio do Ouro,,Nordeste,,0,,1
,,,,,,,,,,,,Currais Novos TAESA,4CSS-TAE,"RODOVIA BR 226, 503",BAIRRO SILVIO BEZERA MELO CEP: 59380-000,0,0,Currais Novos,,Nordeste,,0,,1
,,,,,,,,,,,,Xingó ONS,4CFY-ONS,-,,0,0,Canindé de São Francisco,,Nordeste,,0,,1
,,,,,,,,,,,,Recife COMSAT,4RCE-CST,"Rua do Paissandú, 567 - Boa Vista, Recife - PE",,-80.625761,-34.898329,Recife,,Nordeste,,0,,1
,,,,,,,,,,,,Fortaleza TIWS,4FLA-TWS,-,,-38.45612,-3.736412,Fortaleza,,Nordeste,,0,,1
,,,,,,,,,,,,Recife ONS,4RCE-ONS,-,,0,0,Recife,,Nordeste,,0,,1
,,,,,,,,,,,,Fortaleza COMSAT,4FLA-CST,-,,-38.497,-3.734012,Fortaleza,,Nordeste,,0,,1
,,,,,,,,,,,,Fortaleza VIVO,4FLA-VVO,Av.,,0,0,Fortaleza,,Nordeste,,0,,1
,,,,,,,,,,,,PIX ARACAJÚ,2ACU-PTT,"Av. Marechal Rondon, s/n",,-10.926597,-37.102574,Aracaju,,Nordeste,,0,,1
,,,,,,,,,,,,Currais Novos,1CSS-CRD,Rodovia Br 226 S/N ,Bairro Silvio Bezerra Melo,-6.276653,-36.526603,Currais Novos,,Nordeste,ANEL 7 LITORAL SUPERIOR,0,,1
infinera,1206618,Equipment failure,cleared,2025-09-24T05:22:16,2025-09-24T05:23:10,4FLA-GBNG42-001,4FLA-GBNG42-001,XMM4,XMM4,4FLA-GBN,XMM4,Fortaleza GLOBENET,4FLA-GBN,"Rua Raimundo Esteves  ,333 - Praia do Futuro ",,-37.35407,-38.457843,Fortaleza,,Nordeste,,0,,1
ciena,2233315091833553597,T-DROPGAIN-OTS,INFO,2025-09-13T20:13:59,,1NTL-NTLC14-002,AMP-1-6-21,AMP,T-DROPGAIN-OTS,1NTL-NTL,1NTL-NTLC14-002,Natal,1NTL-NTL,"Av. Amintas Barros, 160",Bairro Bom Pastor,-5.809407,-35.238484,Natal,,Nordeste,ANEL 7 LITORAL SUPERIOR,0,,1
ciena,4855114710768740309,T-OPOUT-OTS,INFO,2025-09-23T12:46:44,,1FLA-FLAC14-003,AMP-2-2-6,AMP,T-OPOUT-OTS,1FLA-FLA,1FLA-FLAC14-003,Fortaleza,1FLA-FLA,"Av. Presidente Costa e Silva, 4677",Bairro Mondubim,-3.828717,-38.541942,Fortaleza,,Nordeste,ANEL 7 LITORAL SUPERIOR,0,,1
ciena,-3665999276931843094,Falha de Retificador,MAJOR,2025-09-05T15:13:30,,1NAE-NZEC14-001,ENV-1-1,ENV,RECT,1NAE-NZE,1NAE-NZEC14-001,Nazaré,1NAE-NZE,"Rodovia PE81, km 3",Fazenda Nossa Senhora de Lourdes,-7.777642,-35.2414,Nazaré da Mata,Major,Nordeste,ANEL 7 LITORAL SUPERIOR,0,Retificador,1
ciena,-157445411596161605,Condicionador 1 Anormal,CRITICAL,2025-09-21T06:34:54,,1NOI-NOIC14-001,ENV-1-12,ENV,AIRCOND,1NOI-NOI,1NOI-NOIC14-001,Nova Itarana,1NOI-NOI,Torre 312 TAESA,,-13.009816,-40.001225,Nova Itarana,Major,Nordeste,,0,Ar Condicionado,1
ciena,-9120866819272226972,Condicionador 1 Anormal,CRITICAL,2025-09-14T08:31:06,,1CRA-CMRC14-001,ENV-1-12,ENV,AIRCOND,1CRA-CMR,1CRA-CMRC14-001,Campo Maior,1CRA-CMR,Rodovia PI 114,Fazenda Santana,-4.815781,-42.200936,Campo Maior,Major,Nordeste,ANEL 7 INTERIOR SUPERIOR,0,Ar Condicionado,1
ciena,6388761625271982890,Falha Energia AC,CRITICAL,2025-09-12T22:13:42,,1SJF-SJFC14-001,ENV-1-2,ENV,POWER,1SJF-SJF,1SJF-SJFC14-001,São João da Fronteira,1SJF-SJF,Sítio Saco da Roça,18km da Rodovia BR222,-4.060579,-41.299772,São João da Fronteira,Major,Nordeste,ANEL 7 INTERIOR SUPERIOR,0,Falha AC,1
ciena,2356709614915326163,Bateria em Descarga,CRITICAL,2025-09-16T14:07:36,,1SMS-SMDC14-001,ENV-1-3,ENV,BATDSCHRG,1SMS-SMD,1SMS-SMDC14-001,Santana dos Matos,1SMS-SMD,"Rua José Leão Ferreira, s/n",,-5.955047,-36.65767,Santana do Matos,Major,Nordeste,ANEL 7 LITORAL SUPERIOR,0,Bateria,1
ciena,1749642221529799183,Bateria em descarga,MAJOR,2025-09-23T22:50:25,,1SOL-SBLC14-001,ENV-1-3,ENV,BATDSCHRG,1SOL-SBL,1SOL-SBLC14-001,Sobral,1SOL-SBL,"Rodovia BR 222, km 227",Sítio Santo Inês,-3.700238,-40.382739,Sobral,,Nordeste,ANEL 7 INTERIOR SUPERIOR,0,,1
padtec,15336811,Erro do Ganho está acima do limiar,MINOR,2026-02-04T04:52:52,2026-02-04T04:52:52,1CUC-CCA16L-001,EOA2-HA-E21211-GW#3081,AMPLIFIER,GAIN,1CUC-CCA,Amplifier 1,Caucaia,1CUC-CCA,Agrovilas Sítios Novos,Agrovila Sítios Novos,-3.758003,-38.939308,Caucaia,,Nordeste,ANEL 7 INTERIOR SUPERIOR,0,,1
ciena,-3141661338864538775,T-UAS-E,INFO,2025-09-24T04:15:16,,1IIO-IIOC14-001,ETH10G-1-13-5,ETH10G,T-UAS-E,1IIO-IIO,1IIO-IIOC14-001,Ibicoara,1IIO-IIO,Rodovia BA 900 - s/n - km 3 - acesso Ibicoara,,-13.441827,-41.374138,Ibicoara,,Nordeste,,1,,1
ciena,-2537738650825744964,T-SES-E,INFO,2025-09-24T09:33:46,,1CTI-RDEC14-001,ETH10G-1-13-5,ETH10G,T-SES-E,1CTI-RDE,1CTI-RDEC14-001,Rio das Éguas,1CTI-RDE,Rodovia BR 020 - s/n - km 11 - zona rural,SE Rio das Éguas ,-13.85382,-46.175594,Correntina,,Nordeste,,1,,1
ciena,6014988580378892758,T-SES-E,INFO,2025-09-23T12:46:59,,1TSA-TSAC14-002,ETH10G-2-3-6,ETH10G,T-SES-E,1TSA-TSA,1TSA-TSAC14-002,Teresina,1TSA-TSA,"Av. Henri Wall de Carvalho, 4282",Lourival Parente,-5.127339,-42.801543,Teresina,,Nordeste,ANEL 7 INTERIOR SUPERIOR,0,,1
ciena,-8435516469477465207,T-UAS-PCS,INFO,2025-09-23T14:45:15,,1CGE-CGDC14-001,ETTP-1-10-2,ETTP,T-UAS-PCS,1CGE-CGD,1CGE-CGDC14-001,Campina Grande,1CGE-CGD,"Fazenda Velame Distrito Industrial, s/n",Bairro Três Irmãs,-7.266918,-35.907884,Campina Grande,,Nordeste,ANEL 7 LITORAL SUPERIOR,0,,1
ciena,-2405191273343527498,Channel Degrade,MINOR,2025-09-21T16:07:09,,1AAB-AABC14-001,NMCC-1-2-5-19-1,NMCC,SIGNAL_DEGRADE_OCH,1AAB-AAB,1AAB-AABC14-001,Aracoiaba,1AAB-AAB,Rodovia CE356,Sítio Bonito,-4.558835,-38.677592,Araçoiaba,,Nordeste,ANEL 7 LITORAL SUPERIOR,0,,1
ciena,7377863154682304772,Channel Degrade,MINOR,2025-09-21T13:50:32,,1SEU-SEUC14-001,NMCC-1-3-5-10-1,NMCC,SIGNAL_DEGRADE_OCH,1SEU-SEU,1SEU-SEUC14-001,Sapeaçu,1SEU-SEU,"Fazenda Touro, s/n - Parte B - Mandassaia",,-12.717716,-39.185494,Sapeaçu,,Nordeste,,1,,1
ciena,1870126726040734475,T-OPT-OCH,INFO,2025-09-24T03:18:30,,1IJP-IJPC14-001,NMCMON-1-2-5-192800000,NMCMON,T-OPT-OCH,1IJP-IJP,1IJP-IJPC14-001,Itajuípe,1IJP-IJP,Fazenda Soledade,,-14.679129,-39.482859,Itajuípe,,Nordeste,ANEL 7 LITORAL INFERIOR,1,,1
ciena,1719998842972518363,T-OPT-OCH,INFO,2025-09-24T03:18:30,,1CMC-CMCC14-001,NMCMON-1-2-5-192800000,NMCMON,T-OPT-OCH,1CMC-CMC,1CMC-CMCC14-001,Camacã,1CMC-CMC,"Fazenda Monte, Km 15",Fazenda Soledade 14Km sentido Coaraci,-15.526119,-39.502892,Camacan,,Nordeste,ANEL 7 LITORAL INFERIOR,1,,1
ciena,-1387112465477222636,T-OPT-OCH,INFO,2025-09-24T03:18:30,,1JNT-JNTC14-001,NMCMON-1-2-5-192800000,NMCMON,T-OPT-OCH,1JNT-JNT,1JNT-JNTC14-001,Jacinto,1JNT-JNT,BR 367,ELETRONET,-16.165016,-40.248553,Jacinto,,Nordeste,ANEL 7 LITORAL INFERIOR,1,,1
ciena,2119511164059836921,T-OPT-OCH,INFO,2025-09-24T03:18:29,,1VEC-VECC14-001,NMCMON-1-2-5-192800000,NMCMON,T-OPT-OCH,1VEC-VEC,1VEC-VECC14-001,Valença,1VEC-VEC,Rodovia BA 101,"Sitio Nova Esperança, SN",-13.292945,-39.344722,Valença,,Nordeste,ANEL 7 LITORAL INFERIOR,1,,1
ciena,4335715649154280983,T-OPT-OCH,INFO,2025-09-24T02:56:30,,1SDR-MTTC14-001,NMCMON-1-2-5-192800000,NMCMON,T-OPT-OCH,1SDR-MTT,1SDR-MTTC14-001,Matatu,1SDR-MTT,Rua Luiz Anselmo s/n (prox. Nº 1.151) - Brotas,Bairro Matatu,-12.977095,-38.483646,Salvador,,Nordeste,,1,,1
ciena,2991371034852983636,T-OPT-OCH,INFO,2025-09-11T17:26:44,,1RUS-RSSC14-001,NMCMON-1-2-5-195800000,NMCMON,T-OPT-OCH,1RUS-RSS,1RUS-RSSC14-001,Russas,1RUS-RSS,"Rodovia BR-116, km 162",Centro,-4.947984,-37.994762,Russas,,Nordeste,ANEL 7 LITORAL SUPERIOR,0,,1
ciena,-3848935358193324303,T-OPT-OCH,INFO,2025-08-29T10:46:45,,1TAM-CSTC14-001,NMCMON-1-2-5-195800000,NMCMON,T-OPT-OCH,1TAM-CST,1TAM-CSTC14-001,Campo de Santana,1TAM-CST,Rod. PB 099 a 43 km de Tangará,Fazenda Boa Água,-6.500133,-35.61914,Tacima,,Nordeste,ANEL 7 LITORAL SUPERIOR,0,,1
ciena,-50085362128461460,T-OPT-OCH,INFO,2025-09-19T14:26:15,,1CTI-CTIC14-001,NMCMON-1-2-8-191750000,NMCMON,T-OPT-OCH,1CTI-CTI,1CTI-CTIC14-001,Correntina,1CTI-CTI,Torre 295 TAESA,(LT Rio das Éguas-Bom Jesus da Lapa),-13.441505,-44.779659,Correntina,,Nordeste,,0,,1
ciena,-1016260295688482537,T-OPT-OCH,INFO,2025-09-18T03:02:14,,1ITB-ITHC14-001,NMCMON-1-2-8-193000000,NMCMON,T-OPT-OCH,1ITB-ITH,1ITB-ITHC14-001,Itabaianinha,1ITB-ITH,Rodovia SE 450 km 12,,-11.288583,-37.718308,Itabaianinha,,Nordeste,ANEL 7 LITORAL SUPERIOR,0,,1
ciena,5822372400533959989,T-OPT-OCH,INFO,2025-09-05T10:35:14,,1CXS-CISC14-001,NMCMON-1-2-8-193050000,NMCMON,T-OPT-OCH,1CXS-CIS,1CXS-CISC14-001,Caxias,1CXS-CIS,"Rod.BR-226, km 100,Trecho Pres.Dutra-Caxias",Fazenda Sta Rita,-5.296139,-43.713842,Caxias,,Nordeste,ANEL 7 INTERIOR SUPERIOR,0,,1
ciena,537728867412640243,T-OPT-OCH,INFO,2025-09-18T03:02:14,,1RBE-RIBC14-001,NMCMON-1-2-8-193100000,NMCMON,T-OPT-OCH,1RBE-RIB,1RBE-RIBC14-001,Ribeirão,1RBE-RIB,Rodovia PE 85 km 4 - Ribeirão - PE,,-8.46162,-35.38963,Ribeirão,,Nordeste,ANEL 7 LITORAL SUPERIOR,0,,1
ciena,8113692662649491508,T-OPT-OCH,INFO,2025-09-18T03:02:15,,1NHG-SRNC14-001,NMCMON-1-2-8-193100000,NMCMON,T-OPT-OCH,1NHG-SRN,1NHG-SRNC14-001,Serrinha,1NHG-SRN,"Fazenda Furnas, Povoado de Serrinha",,-10.210433,-37.523086,Nossa Senhora da Glória,,Nordeste,ANEL 7 LITORAL SUPERIOR,0,,1
ciena,-1432017080549442320,T-OPT-OCH,INFO,2025-09-24T03:18:29,,1IRT-IRTC14-001,NMCMON-1-4-7-192800000,NMCMON,T-OPT-OCH,1IRT-IRT,1IRT-IRTC14-001,Ibirataia,1IRT-IRT,Fazenda Cantagalo,,-14.004239,-39.642361,Ibirataia,,Nordeste,ANEL 7 LITORAL INFERIOR,1,,1
ciena,4654001537767161212,T-OPT-OCH,INFO,2025-08-28T06:43:15,,1PIP-PPIC14-001,NMCMON-1-4-8-194343750,NMCMON,T-OPT-OCH,1PIP-PPI,1PIP-PPIC14-001,Piripiri,1PIP-PPI,"Estrada do Caldeirão, km 3",,-4.284977,-41.755822,Piripiri,,Nordeste,ANEL 7 INTERIOR SUPERIOR,0,,1
ciena,5069479757294834643,T-OPT-OCH,INFO,2025-09-11T17:26:45,,1MRO-MSOC14-001,NMCMON-1-4-8-195800000,NMCMON,T-OPT-OCH,1MRO-MSO,1MRO-MSOC14-001,Mossoró,1MRO-MSO,"Rodovia BR-304, km 33",Centro,-5.151437,-37.3495,Mossoró,,Nordeste,ANEL 7 LITORAL SUPERIOR,0,,1
ciena,-3312775968433581108,T-OPT-OCH,INFO,2025-09-11T17:26:45,,1MVA-MVAC14-001,NMCMON-1-4-8-195800000,NMCMON,T-OPT-OCH,1MVA-MVA,1MVA-MVAC14-001,Morada Nova,1MVA-MVA,Fazenda Boa Esperança,Lagoa Grande,-5.142317,-38.500633,Morada Nova,,Nordeste,ANEL 7 LITORAL SUPERIOR,0,,1
ciena,7468916946471345849,T-OPT-OCH,INFO,2025-09-11T21:46:44,,1BIU-BIUC14-001,NMCMON-1-4-8-195800000,NMCMON,T-OPT-OCH,1BIU-BIU,1BIU-BIUC14-001,Banabuiú,1BIU-BIU,"Estrada das Laranjeiras, s/n",Centro,-5.306066,-38.913279,Banabuiú,,Nordeste,ANEL 7 LITORAL SUPERIOR,0,,1
ciena,6832501291216087455,T-OPT-OCH,INFO,2025-09-02T19:56:15,,1IGE-VSEC14-001,NMCMON-1-5-5-195000000,NMCMON,T-OPT-OCH,1IGE-VSE,1IGE-VSEC14-001,Vila do Serrote,1IGE-VSE,Vila do Serrote,"11,6km p/ Posto Moreira na BR",-3.807109,-39.45914,Itapagé,,Nordeste,ANEL 7 INTERIOR SUPERIOR,0,,1
ciena,-3713597853957835851,T-OPT-OCH,INFO,2025-09-24T03:18:30,,1EUS-EPSC14-002,NMCMON-1-5-7-192800000,NMCMON,T-OPT-OCH,1EUS-EPS,1EUS-EPSC14-002,Eunápolis,1EUS-EPS,"Estrada do Alecrim, km 3,3 - s/n",Bairro Alecrim,-16.33804,-39.550189,Eunápolis,,Nordeste,ANEL 7 LITORAL INFERIOR,1,,1
ciena,3952214749113982887,T-OPT-OCH,INFO,2025-09-24T04:14:00,,1CTT-IGOC14-001,NMCMON-1-5-8-193150000,NMCMON,T-OPT-OCH,1CTT-IGO,1CTT-IGOC14-001,Igaporã,1CTT-IGO,"Povoado Lagoa de Félix Pereira, 999",,-13.983511,-42.613344,Caetite,,Nordeste,,1,,1
ciena,-7900533998165579102,T-OPT-OCH,INFO,2025-09-24T03:18:29,,1GMG-GMAC14-001,NMCMON-1-9-7-192800000,NMCMON,T-OPT-OCH,1GMG-GMA,1GMG-GMAC14-001,Governador Mangabeira,1GMG-GMA,Rua João Altino s/n - Estrada Velha,Bairro Centro,-12.606954,-39.032486,Governador Mangabeira,,Nordeste,ANEL 7 LITORAL INFERIOR,1,,1
ciena,2902897353268723264,T-SES-ODU,INFO,2025-09-24T09:33:46,,1BMP-BMPC14-001,ODUCTP-1-13-4-4P1,ODUCTP,T-SES-ODU,1BMP-BMP,1BMP-BMPC14-001,Bom Jesus da Lapa,1BMP-BMP,"Rodovia BR430 - s/n - km 10,1 - zona rural",SE Bom Jesus da Lapa ,-13.3093,-43.342986,Bom Jesus da Lapa,,Nordeste,,1,,1
ciena,-6627908578264220146,T-SEFS-OTU,INFO,2025-09-23T13:49:29,,1RCE-RCEC14-001,OTM2-1-4-5,OTM2,T-SEFS-OTU,1RCE-RCE,1RCE-RCEC14-001,Recife,1RCE-RCE,"Rodovia PE-7, km 20",Centro,-8.114404,-35.03804,Jaboatão dos Guararapes,,Nordeste,ANEL 7 LITORAL SUPERIOR,0,,1
ciena,-5711150560789774326,T-SES-ODU,INFO,2025-09-24T09:33:45,,1DSA-CMDC14-001,OTM2-1-8-9,OTM2,T-SES-ODU,1DSA-CMD,1DSA-CMDC14-001,Camaçari,1DSA-CMD,"Rodovia BA - 93, km 21",,-12.617426,-38.346646,Dias D Ávila,,Nordeste,ANEL 7 LITORAL INFERIOR,1,,1
ciena,-2499946475282285667,T-SEFS-OTU,INFO,2025-09-20T07:29:59,,1RGO-MSSC14-001,OTM4-2-13-1,OTM,T-SEFS-OTU,1RGO-MSS,1RGO-MSSC14-001,Messias,1RGO-MSS,"Rodovia BR 101, km 70",Zona Rural,-9.402289,-35.840867,Rio Largo,,Nordeste,ANEL 7 LITORAL SUPERIOR,0,,1
ciena,-7156530041539659247,Database Save Failed: Could not connect to destination,INFO,2025-08-30T07:05:14,,4SDR-GCGC14-001,SHELF-1,COM,BKUPF,4SDR-GCG,4SDR-GCGC14-001,Salvador GLOBALCROSSING,4SDR-GCG,"Alameda das Cajazeiras, 560 - Caminho das Árvores, Salvador - BA, 41820-470",,-12.982111,-38.459127,Salvador,,Nordeste,,1,,1
ciena,-840573714654831491,SNC Datapath Fault,MAJOR,2025-09-20T08:56:51,,1RCE-BGIC14-001,SNC0-1-1,SNC,SNCDPF,1RCE-BGI,1RCE-BGIC14-001,Bongi,1RCE-BGI,"Avenida General San Martin, 2324",,-8.0643461,-34.927123,Recife,,Nordeste,,0,,1
ciena,3086986861536540084,file 'sftp://ftpUser@10.1.1.15:2555/bp2/data/MUVSUy1TUEVDMTQtMDAx--SDMON--15_MINUTES--df0e59de-d0e4-3d49-b4b2-67c33096a2fd--1758564090567752769.gz' has failed,INFO,2025-09-22T18:06:51,,1ERS-SPEC14-001,SP-1-15,COM,PMFTPF,1ERS-SPE,1ERS-SPEC14-001,Sauípe,1ERS-SPE,Fazenda Sapucaia - ,Ao lado da torre 172/1,-11.984439,-38.194803,Entre Rios,,Nordeste,ANEL 7 LITORAL SUPERIOR,0,,1
ciena,655086162802467680,Release 'REL1691Z.LQ' successfully delivered,INFO,2025-08-26T15:35:31,,4LGN-TAEC02-001,SP-1-15,COM,SWFTDWN,4LGN-TAE,4LGN-TAEC02-001,Lagoa Nova TAESA,4LGN-TAE,"Estrada Vicinal, SN - Sítio Baixa Grande, Zona Rural, Lagoa Nova - RN, 59390-000",,-6.0622583,-36.524922,Lagoa Nova,,Nordeste,,0,,1
ciena,5033630435334371250,file 'sftp://ftpUser@10.1.1.15:2555/bp2/data/MUlDWS1CVlRDMTQtMDAx--SDMON--15_MINUTES--ca53b56f-3aff-3d0a-b023-ba6cad18aa7e--1758574940739214516.gz' has failed,INFO,2025-09-22T21:10:19,,1ICY-BVTC14-001,SP-1-15,COM,PMFTPF,1ICY-BVT,1ICY-BVTC14-001,Boa Vista,1ICY-BVT,Fazenda Jurema,Povoado de Boa Vista,-9.529159,-36.762897,Igaci,,Nordeste,ANEL 7 LITORAL SUPERIOR,0,,1
ciena,-1493279910383488496,file 'sftp://ftpUser@10.1.1.15:2555/bp2/data/MUNGWS1YR09DMTQtMDAx--SDMON--15_MINUTES--a47b5fcd-a003-3be3-bca9-8711006e6f48--1758578465054743274.gz' has failed,INFO,2025-09-22T22:04:22,,1CFY-XGOC14-001,SP-1-15,COM,PMFTPF,1CFY-XGO,1CFY-XGOC14-001,Xingó,1CFY-XGO,"Rodovia Juscelino Kubitscheck - Br-206, km 52",Canindé do São Francisco,-9.632125,-37.796853,Canindé de São Francisco,,Nordeste,ANEL 7 LITORAL SUPERIOR,0,,1
ciena,-3937198817060236287,file 'sftp://ftpUser@10.1.1.15:2555/bp2/data/MU5STy1KRE1DMTQtMDAy--SDMON--15_MINUTES--8ad6a1ea-188e-300a-bbed-92cfe3c09b06--1758563301480089728.gz' has failed,INFO,2025-09-22T17:53:21,,1NRO-JDMC14-002,SP-1-15,COM,PMFTPF,1NRO-JDM,1NRO-JDMC14-002,Jardim,1NRO-JDM,"Rodovia Br-235, km 10",,-10.881475,-37.148151,Nossa Senhora do Socorro,,Nordeste,ANEL 7 LITORAL SUPERIOR,0,,1
ciena,-4960150806277639500,Release 'REL1691Z.LQ' successfully delivered,INFO,2025-08-26T14:37:18,,1ACU-ACUC14-001,SP-1-15,COM,SWFTDWN,1ACU-ACU,1ACU-ACUC14-001,Açu,1ACU-ACU,"Av. João Celso Filho, s/n",,-5.593641,-36.908596,Açu,,Nordeste,ANEL 7 LITORAL SUPERIOR,0,,1
padtec,15437920,Reinicio do Histórico,WARNING,2025-08-22T10:45:20,2025-08-22T10:45:20,02 - 4FLA-ACB16L-001,SPVL-HB#2499,ROUTER,RESET,4FLA-ACB,,Fortaleza ANGOLA CABLE,4FLA-ACB,"Av. Trajano de Medeiros, 1851 - Vicente Pinzon",,-37.35322,-38.461963,Fortaleza,,Nordeste,,0,,1
padtec,15444727,CSF OPU (Port 5),MAJOR,2025-08-24T21:11:26,2025-08-24T21:18:00,02 - 4SDR-CPE16L-001,TCX200G-9A#306,TRANSPONDER,OPU,4SDR-CPE,,Salvador CPE,4SDR-CPE,"Alameda das Cajazeiras, 591 - Caminho das Árvores, Salvador - BA, 41820-470",,-12.981561,-38.459066,Salvador,,Nordeste,,0,,1
padtec,15444736,Falha Remota Ethernet (Port 5),MAJOR,2025-08-24T21:17:48,2025-08-24T21:20:07,03 - 4RCE-GCG16L-001,TCX200G-9A#309,TRANSPONDER,ETHERNET,4RCE-GCG,,Recife GLOBALCROSSING,4RCE-GCG,"Rua Marques Amorim, 380-550 - Boa Vista, Recife - PE, 50070-330",,-8.0637666,-34.891597,Recife,,Nordeste,,0,,1
padtec,15423865,LOS (Port 1),CRITICAL,2025-08-17T18:06:29,2025-08-17T18:06:41,02 - 4MRO-SLK16L-001,TD100G-HA#283,TRANSPONDER,LOS,4MRO-SLK,,Mossoró SLK,4MRO-SLK,"R. Rosa Maria de Araújo, 97-145 - Abolição, Mossoró - RN, 59613-640",,-5.15685,-37.353641,Mossoró,,Nordeste,,0,,1
padtec,15441361,Falha de conexão com servidor NTP,MINOR,2025-08-23T14:31:06,2025-08-23T14:31:16,4FLA-GCGT24-001,TM2400G-NK#84,TRANSPONDER,,4FLA-GCG,IP 1,Fortaleza GLOBALCROSSING,4FLA-GCG,"Rua Dioguinho, 2950 ",,-37.419167,-38.45367,Fortaleza,,Nordeste,,0,,1
,,,,,,,,,,,,PIX GOIÂNIA (RNP),2GNA-PTT,Praça Universitária - No. 1488 - Quadra 86 - 74605-220 - Prédio da UFGNet - Escola de Engenharia - ,,-16.6772222,-49.241425,Goiânia,,Norte,,0,,1
,,,,,,,,,,,,Brasília ONS,4BSA-ONS,Av.,,0,0,Brasília,,Norte,,0,,1
,,,,,,,,,,,,Brasília Casablanca,4BSA-CSB,Cia Sul - Lote A - Brasília - DF,,0,0,Brasília,,Norte,,0,,1
,,,,,,,,,,,,Goiânia GLOBALCROSSING,4GNA-GNA,Rua,,0,0,Goiânia,,Norte,,0,,1
,,,,,,,,,,,,Brasilia TAESA,4BSA-TAE,-,,0,0,Brasília,,Norte,,0,,1
,,,,,,,,,,,,Brasília GLOBO,4BSA-GCP,"Eixo Monumental S/N, Jardim Burle Marx Torre monumental de Brasília - Box Emissora Globo",,0,0,Brasília,,Norte,,0,,1
,,,,,,,,,,,,Brasília CNN,4BSA-CNN,"Edifício Palácio da Agricultura- 10º, via L2 Norte ? Asa Norte",,0,0,Brasília,,Norte,,0,,1
infinera,1206623,Loss of Lane Marker,cleared,2025-09-24T11:24:01,2025-09-24T11:24:14,1ANS-APSG42-001,1ANS-APSG42-001,CHM6-C14,400GbE-ODUFlexi-TTP,1ANS-APS,CHM6-C14,Anápolis,1ANS-APS,Rod.GO330 Km 07-Estrada APS/Leopoldo B.,Torre 244 LT Bandeirantes - Samambaia,-16.417793,-48.897366,Anápolis,,Norte,ANEL 7 INTERIOR INFERIOR,0,,1
infinera,1206628,Communication Channel Link Failure,cleared,2025-09-24T16:18:23,2025-09-24T16:18:25,1BSA-SBAG42-001,1BSA-SBAG42-001,NE,NE,1BSA-SBA,NE,Samambaia,1BSA-SBA,"BR-060, km-10, Recanto das Emas", Trevo BR com Rod. DF-280 p/ Sto. Antonio Descoberto,-15.923797,-48.169708,Brasília,,Norte,ANEL 7 INTERIOR INFERIOR,0,,1
infinera,1206630,Loss of Lane Marker,cleared,2025-09-24T16:50:37,2025-09-24T16:50:53,1ITZ-IPZG42-001,1ITZ-IPZG42-001,CHM6-C8,400GbE-ODUFlexi-TTP,1ITZ-IPZ,CHM6-C8,Imperatriz,1ITZ-IPZ,"Rodovia BR 010, km 1360, s/n",Lagoa Verde,-5.420771,-47.473392,Imperatriz,,Norte,ANEL 7 INTERIOR SUPERIOR,0,,1
ciena,-163538089894207390,Porta Aberta,CRITICAL,2025-09-04T11:36:38,,1MIH-MRSC14-001,ENV-1-5,ENV,OPENDR,1MIH-MRS,1MIH-MRSC14-001,Morrinhos,1MIH-MRS,"Rod.BR-153, km630,5 trecho MRS-IRA",Torre 171 LT Furnas IT/BD - Bar sombra da Mata,-17.799309,-49.204615,Morrinhos,Major,Norte,ANEL 7 INTERIOR INFERIOR,0,Acesso,1
ciena,246630136627513990,T-SES-E,INFO,2025-09-24T09:33:48,,1NQA-NQAC14-001,ETH10G-1-10-7,ETH10G,T-SES-E,1NQA-NQA,1NQA-NQAC14-001,Niquelândia,1NQA-NQA,Rod. GO-132 km-24 - Fazenda Taquari ,LT CELG 8660 LT Furnas SM-SB 02Torre 164-LT Samambaia-Serra da Mesa,-14.43431,-48.08617,Niquelândia,,Norte,ANEL 7 INTERIOR INFERIOR,1,,1
ciena,-9201298706782642729,T-UAS-E,INFO,2025-09-18T06:00:14,,1BSA-BGLC14-001,ETH10G-1-13-10,ETH10G,T-UAS-E,1BSA-BGL,1BSA-BGLC14-001,Brasília Geral,1BSA-BGL,Setor de Indústria e Abastecimento,Área Especial 1.,-15.810183,-47.951961,Brasília,,Norte,,1,,1
ciena,7049854241333422552,T-SES-E,INFO,2025-09-22T18:34:15,,1CGO-CLSC14-001,ETH10G-1-14-8,ETH10G,T-SES-E,1CGO-CLS,1CGO-CLSC14-001,Colinas,1CGO-CLS,"Rodovia BR-153, km 220, s/n",,-7.971985,-48.456306,Colinas do Tocantins,,Norte,ANEL 7 INTERIOR SUPERIOR,1,,1
ciena,-7465438639448176576,T-SES-E,INFO,2025-09-23T19:23:15,,1ARN-AGAC14-001,ETH10G-1-14-8,ETH10G,T-SES-E,1ARN-AGA,1ARN-AGAC14-001,Araguaína,1ARN-AGA,Chácara São Luís,,-7.205133,-48.320089,Araguaína,,Norte,ANEL 7 INTERIOR SUPERIOR,1,,1
ciena,-9085255010789857613,T-UAS-PCS,INFO,2025-09-19T17:01:45,,1ACG-BRSC14-001,ETH10G-2-12-1,ETH10G,T-UAS-PCS,1ACG-BRS,1ACG-BRSC14-001,Bandeirantes,1ACG-BRS,"Rod. BR 153, Km510",Centro,-16.792644,-49.236773,Aparecida de Goiânia,,Norte,ANEL 7 INTERIOR INFERIOR,0,,1
ciena,9032538753803457970,T-OPT-OCH,INFO,2025-09-19T14:26:15,,1CJL-SMAC14-001,NMCMON-1-2-8-191750000,NMCMON,T-OPT-OCH,1CJL-SMA,1CJL-SMAC14-001,Serra da Mesa II,1CJL-SMA,"Rodovia GO 132, km36 - zona rural",SE Serra da Mesa II,-13.765758,-48.04648,Colinas do Sul,,Norte,,0,,1
ciena,7171143226060130246,T-OPT-OCH,INFO,2025-09-19T17:01:44,,1MGO-MMOC14-001,NMCMON-1-2-8-192800000,NMCMON,T-OPT-OCH,1MGO-MMO,1MGO-MMOC14-001,Mimoso,1MGO-MMO,Rodovia GO 230 - Torre 339 LT SMSB2,Fazenda Bocaina,-15.075165,-48.140007,Mimoso de Goiás,,Norte,ANEL 7 INTERIOR INFERIOR,0,,1
ciena,252252148431086226,T-OPT-OCH,INFO,2025-09-19T17:01:44,,1PXE-PXEC14-001,NMCMON-1-2-8-192800000,NMCMON,T-OPT-OCH,1PXE-PXE,1PXE-PXEC14-001,Peixe,1PXE-PXE,Estrada Peixe/Jaú/TalismÃ,Fazenda da Barra Peixe,-12.380606,-48.75678,Peixe,,Norte,ANEL 7 INTERIOR SUPERIOR,0,,1
ciena,-1368460706910446406,T-OPT-OCH,INFO,2025-09-19T17:01:44,,1SRCI-SRTC14-001,NMCMON-1-2-8-192800000,NMCMON,T-OPT-OCH,1SRCI-SRT,1SRCI-SRTC14-001,Santa Rita,1SRCI-SRT,"BR-153, km 577, Munic. Sta. Rita",Fazenda Jardim Alegre,-10.88127,-48.891627,Santa Rita do Tocantins,,Norte,ANEL 7 INTERIOR SUPERIOR,0,,1
ciena,-2003070504069017354,T-OPT-OCH,INFO,2025-09-19T17:01:44,,1PMP-PPSC14-001,NMCMON-1-2-8-192800000,NMCMON,T-OPT-OCH,1PMP-PPS,1PMP-PPSC14-001,Palmeirópolis,1PMP-PPS,"Rodovia TO-488, km6 - Mata Azul",Fazenda Mata Azul 488,-13.027083,-48.456464,Palmeirópolis,,Norte,ANEL 7 INTERIOR SUPERIOR,0,,1
ciena,-8449091507941861617,T-OPT-OCH,INFO,2025-09-05T10:35:15,,1SYV-SNOC14-001,NMCMON-1-2-8-193050000,NMCMON,T-OPT-OCH,1SYV-SNO,1SYV-SNOC14-001,Sítio Novo,1SYV-SNO,Rodovia MA 280,Fazenda Sapucaí,-5.895125,-46.734536,Sítio Novo,,Norte,ANEL 7 INTERIOR SUPERIOR,0,,1
ciena,6063725698286530383,T-OPT-OCH,INFO,2025-09-19T17:01:45,,1GUR-GRIC14-001,NMCMON-1-4-5-192800000,NMCMON,T-OPT-OCH,1GUR-GRI,1GUR-GRIC14-001,Gurupi,1GUR-GRI,"Rod. TO 280, km 4 Gurupi/Peixe",Subestação de Gurupi,-11.738021,-49.011441,Gurupi,,Norte,ANEL 7 INTERIOR SUPERIOR,0,,1
ciena,2143540816147702876,T-OPT-OCH,INFO,2025-09-05T10:35:14,,1GJU-GAUC14-001,NMCMON-1-4-5-193050000,NMCMON,T-OPT-OCH,1GJU-GAU,1GJU-GAUC14-001,Grajaú,1GJU-GAU,km 3 da Rodovia MA 006,Grajaú,-5.804895,-46.159923,Grajaú,,Norte,ANEL 7 INTERIOR SUPERIOR,0,,1
ciena,2872114614075342663,T-OPT-OCH,INFO,2025-09-05T10:35:14,,1PDU-PDDC14-001,NMCMON-1-4-5-193050000,NMCMON,T-OPT-OCH,1PDU-PDD,1PDU-PDDC14-001,Presidente Dutra,1PDU-PDD,"Rodovia BR-135, km 337",Pedra Branca,-5.269819,-44.483137,Presidente Dutra,,Norte,ANEL 7 INTERIOR SUPERIOR,0,,1
ciena,8899714728270721278,T-OPT-OCH,INFO,2025-09-12T19:52:45,,1PFN-PFCC14-001,NMCMON-1-4-5-193950000,NMCMON,T-OPT-OCH,1PFN-PFC,1PFN-PFCC14-001,Porto Franco,1PFN-PFC,"Rodovia BR 010, km 1252",,-6.3469,-47.376099,Porto Franco,,Norte,ANEL 7 INTERIOR SUPERIOR,0,,1
ciena,8463631834760543112,T-OPT-OCH,INFO,2025-09-12T19:52:45,,1WDA-WDAC14-001,NMCMON-1-4-5-193950000,NMCMON,T-OPT-OCH,1WDA-WDA,1WDA-WDAC14-001,Wanderlândia,1WDA-WDA,"RodoviaTO-010 km 2,5-trecho WDA-Babaçulândia",Site no Terreno da Eletronorte,-6.861328,-47.94545,Wanderlândia,,Norte,ANEL 7 INTERIOR SUPERIOR,0,,1
ciena,78644355987614314,T-OPT-OCH,INFO,2025-09-19T17:01:44,,1MKU-SMAC14-001,NMCMON-1-5-5-192800000,NMCMON,T-OPT-OCH,1MKU-SMA,1MKU-SMAC14-001,Serra da Mesa,1MKU-SMA,"Rod.GO-132 km37, Minaçu/Serra da Mesa",Usina Hidrelétrica de Serra da Mesa,-13.823797,-48.300246,Minaçu,,Norte,ANEL 7 INTERIOR INFERIOR,0,,1
ciena,480602345801635498,T-SES-ODU,INFO,2025-09-23T16:58:59,,1PIT-PROC14-001,ODUCTP-1-12-3-FP1,ODUCTP,T-SES-ODU,1PIT-PRO,1PIT-PROC14-001,Paraíso,1PIT-PRO,Rodovia Paraíso-Palmas-Pimentinha Leilões,Fazenda recreio - Loteamento S. Luzia Lote 119,-10.14522,-48.82688,Paraíso do Tocantins,,Norte,ANEL 7 INTERIOR SUPERIOR,1,,1
ciena,-626731462812889696,T-SES-ODU,INFO,2025-09-11T16:09:29,,1BDC-BDCC14-001,OTM2-1-14-7,OTM2,T-SES-ODU,1BDC-BDC,1BDC-BDCC14-001,Barra do Corda,1BDC-BDC,Rodovia MA 010,Fazenda União,-5.448717,-45.278112,Barra do Corda,,Norte,ANEL 7 INTERIOR SUPERIOR,0,,1
ciena,-6835161786299255160,T-SES-ODU,INFO,2025-09-23T12:14:59,,1MNE-MCAC14-001,OTM4-1-12-100,OTM,T-SES-ODU,1MNE-MCA,1MNE-MCAC14-001,Miracema,1MNE-MCA,"Rodovia TO-342, km 06, s/n",Subestação da Eletronorte,-9.541918,-48.518977,Miracema do Tocantins,,Norte,ANEL 7 INTERIOR SUPERIOR,0,,1
ciena,4669182767244917693,T-HCCS-OTU,INFO,2025-09-23T12:14:59,,1GUI-GUIC14-001,OTM4-1-14-1,OTM,T-HCCS-OTU,1GUI-GUI,1GUI-GUIC14-001,Guaraí,1GUI-GUI,Cerâmica Brasil - Rua das Cerâmicas,,-8.850164,-48.482018,Guaraí,,Norte,ANEL 7 INTERIOR SUPERIOR,0,,1
ciena,-7774674127274532246,T-HCCS-OTU,INFO,2025-09-24T09:33:45,,1TZG-TZGC14-001,OTM4-1-9-1,OTM,T-HCCS-OTU,1TZG-TZG,1TZG-TZGC14-001,Teresina de Goiás,1TZG-TZG,Torre 153 TAESA ,(LT Serra da Mesa II - Rio das Éguas),-13.785052,-47.3317,Teresina de Goiás,,Norte,,1,,1
ciena,-443860926783908466,SNCG Unavailable,CRITICAL,2025-09-17T06:38:31,,4BSA-GCGC14-001,SNCG0-1-2,SNCG,SNCGU,4BSA-GCG,4BSA-GCGC14-001,Brasília GLOBALCROSSING,4BSA-GCG,"Q, SAAN Quadra 1, Nº1120 - Zona Industrial, Brasília - DF, 70063-100",,-47.937463,-15.761877,Brasília,,Norte,,0,,1
ciena,-4677937447169868730,"Remote transfer of files for 'REL1691Z.LQ' - 153 of 154 MB, 44 of 44 Files",INFO,2025-08-27T11:50:06,,4SNZ-TAEC02-001,SP-1-15,COM,SWFTDWN,4SNZ-TAE,4SNZ-TAEC02-001,Santa Cruz TAESA,4SNZ-TAE,-,,-6.03116,-36.0002,Santa Cruz,,Norte,,0,,1
padtec,15444944,Loss Sync (P2),CRITICAL,2025-08-24T23:57:55,,4PMJ-PAL16L-002,T100-HA#1410,TRANSPONDER,LOS Sync,4PMJ-PAL,,Palmas TAESA,4PMJ-PAL,"Condominio Vale Do Buriti Q Area, 654 - Arne, 77001-970",,-10.17678,-48.293917,Palmas,,Norte,,0,,1
padtec,15444930,CSF (OPU),CRITICAL,2025-08-24T23:51:42,2025-08-24T23:51:49,4BSA-ELATM8-004,TM800G-LT#1984,TRANSPONDER,OPU,4BSA-ELA,LINE 1.1,Brasília ELEA,4BSA-ELA,SIG Q 2 LOTE 470,,-15.790072,-47.911364,Brasília,,Norte,,0,,1
,,,,,,,,,,,,Londrina SERCOMTEL,4LDA-SCL,-,,0,0,Londrina,,Sul,,0,,1
,,,,,,,,,,,,PIX LONDRINA,2LDA-PTT,"Av. Julio Verne, 1111",,-23.284785,-51.207812,Londrina,,Sul,,0,,1
,,,,,,,,,,,,Londrina GLOBALCROSSING,4LDA-GCG,-,,0,0,Londrina,,Sul,,0,,1
,,,,,,,,,,,,Florianópolis CIASC,4FNS-CCA,"Av. Aguimar Gonzaga, 393-Itacorubi",,0,0,Florianópolis,,Sul,,0,,1
,,,,,,,,,,,,PIX FLORIANÓPOLIS,2FNS-PTT,Rua Eng. Agrônomo Andrei Cristian Ferreira,S/N - Universidade federal de Santa Cartarian - UFSC,-27.601274,-48.517872,Florianópolis,,Sul,,0,,1
,,,,,,,,,,,,PIX CURITIBA,2CTA-PTT,"Av. Cel. Francisco H. dos Santos, 100 - Jardim das Américas, Curitiba - PR, 81530-000",CENTRO POLITECNICO - UFPR,-25.4505,-49.232513,Curitiba,,Sul,,0,,1
,,,,,,,,,,,,Farroupilha,1FRL-FRL,"Rodovia RS 122, Km 62 N 249",SE Farropiulha Eletrosul - Bairro Industrial,-29.220157,-51.323705,Farroupilha,,Sul,,0,,1
,,,,,,,,,,,,Porto Alegre AMERICANET,4PAE-ANT,-,,0,0,Porto Alegre,,Sul,,0,,1
,,,,,,,,,,,,Florianópolis LEST,4FNS-LET,-,,0,0,Florianópolis,,Sul,,0,,1
,,,,,,,,,,,,Florianópolis ONS,2FNS-ONS,"Rua Deputado Antonio Edu Vieira, 999-Bairro Pantanal",,0,0,Florianópolis,,Sul,,0,,1
,,,,,,,,,,,,PIX PORTO ALEGRE,2PAE-PTT,"Rua Ramiro Barcelos, 2574, Santana",,-30.041021,-51.206098,Porto Alegre,,Sul,,0,,1
ciena,-7507155048298051090,High Fiber Loss,MINOR,2025-09-24T13:19:16,,1LDA-LDAC14-002,ADJ-1-3-15,ADJ,MEASLOSSDISCR,1LDA-LDA,1LDA-LDAC14-002,Londrina,1LDA-LDA,"Estrada Caramuru, km 1,5 - Rolândia",Torre 173 - LT Londrina-Maringá,-23.337464,-51.330701,Rolândia,,Sul,ANEL 5 INTERIOR,1,,1
ciena,-1422214577397733641,Bateria em Descarga,MAJOR,2025-09-21T02:23:35,,1GRP-GPVC14-001,ENV-1-3,ENV,BATDSCHRG,1GRP-GPV,1GRP-GPVC14-001,Guarapuava,1GRP-GPV,Rodovia BR 277 km 369 ,Torre 139 LT Areia - Ivaiporã Fazenda Três Galpões,-25.411821,-51.684961,Guarapuava,Major,Sul,ANEL 5 LITORAL,0,Bateria,1
ciena,-6053690925146668573,Porta Aberta,MINOR,2025-09-22T12:06:18,,1PCCA-PCEC14-001,ENV-1-5,ENV,OPENDR,1PCCA-PCE,1PCCA-PCEC14-001,Picada Café,1PCCA-PCE,R.Vicente Prietto 7735-Bairro Iammerthal,Torre 464 - LT Campo Alto-Gravataí,-29.457201,-51.06258,Picada Café,Major,Sul,ANEL 5 LITORAL,0,Acesso,1
ciena,6254761026494084607,Channel Degrade,MINOR,2025-09-19T13:20:32,,1PVM-PVMC14-001,NMCC-1-2-5-20-1,NMCC,SIGNAL_DEGRADE_OCH,1PVM-PVM,1PVM-PVMC14-001,Paverama,1PVM-PVM,Rua Bela Vista S/N,Brochier,-29.496297,-51.678508,Brochier,,Sul,ANEL 5 INTERIOR,1,,1
ciena,5605802901840701559,Channel Degrade,MINOR,2025-09-24T05:07:56,,1PAC-PLAC14-001,NMCC-1-4-5-23-1,NMCC,SIGNAL_DEGRADE_OCH,1PAC-PLA,1PAC-PLAC14-001,Palhoça,1PAC-PLA,Rua Padre Reus s/n - Caminho Novo,SE Eletrosul,-27.642295,-48.691045,Palhoça,,Sul,ANEL 5 LITORAL,0,,1
ciena,4794814176559193788,Channel Degrade,MINOR,2025-09-19T04:34:51,,1BNU-BMUC14-001,NMCC-1-4-5-27-1,NMCC,SIGNAL_DEGRADE_OCH,1BNU-BMU,1BNU-BMUC14-001,Blumenau,1BNU-BMU,"R.Gustavo Zimmermann, 8.112",Proximo Rod.SC 474 Bairro Itoupava Central ,-26.78296,-49.079571,Blumenau,,Sul,ANEL 5 LITORAL,1,,1
ciena,-75072711897736076,Channel Degrade,MINOR,2025-09-23T23:44:09,,1ILO-IHAC14-001,NMCC-1-4-5-3-1,NMCC,SIGNAL_DEGRADE_OCH,1ILO-IHA,1ILO-IHAC14-001,Ilhota,1ILO-IHA,Rua João Guilherme Brockveld s/n,Bairoo Ilhotinha - SE Ilhota Eletrosul,-26.910199,-48.822084,Ilhota,,Sul,ANEL 5 LITORAL,0,,1
ciena,445112780790549779,T-OPT-OCH,INFO,2025-09-23T03:18:29,,1SRJ-SRJC14-001,NMCMON-1-2-5-193400000,NMCMON,T-OPT-OCH,1SRJ-SRJ,1SRJ-SRJC14-001,Sertaneja,1SRJ-SRJ,Fazenda Santo Antonio,Bairro CRJ Cedro,-23.057062,-50.79771,Sertaneja,,Sul,ANEL 5 INTERIOR,0,,1
ciena,-8456509448031445851,T-OPT-OCH,INFO,2025-09-19T13:19:15,,1AMP-SCSC14-001,NMCMON-1-2-7-192350000,NMCMON,T-OPT-OCH,1AMP-SCS,1AMP-SCSC14-001,São Carlos,1AMP-SCS,"Rodovia PR-364, km 23",Trevo para Campina da Lagoa,-24.777897,-52.756089,Altamira do Paraná,,Sul,ANEL 5 INTERIOR,0,,1
ciena,-8136074317298303174,T-OPT-OCH,INFO,2025-09-19T04:18:45,,1MNR-IVAC14-002,NMCMON-1-2-7-195243750,NMCMON,T-OPT-OCH,1MNR-IVA,1MNR-IVAC14-002,Ivaiporã,1MNR-IVA,Rodovia BR 466 km 27,Canjarana,-24.430685,-51.67915,Manoel Ribas,,Sul,ANEL 5 LITORAL,0,,1
ciena,784716254196284143,T-OPT-OCH,INFO,2025-09-19T04:19:44,,1CZC-CMOC14-001,NMCMON-1-2-7-195243750,NMCMON,T-OPT-OCH,1CZC-CMO,1CZC-CMOC14-001,Cruz Machado,1CZC-CMO,LT Guarapuava-Areia-São Mateus-Torre 85,Distrito Santana,-25.865575,-51.212392,Cruz Machado,,Sul,ANEL 5 LITORAL,0,,1
ciena,-136849611708686493,T-OPT-OCH,INFO,2025-09-19T13:20:29,,1JQR-JRAC14-001,NMCMON-1-2-8-192350000,NMCMON,T-OPT-OCH,1JQR-JRA,1JQR-JRAC14-001,Jaquirana,1JQR-JRA,Fazenda Santa Isabel -,Morro Grande - LT Siderópolis - Caxias 5 - Torre 234,-29.015724,-50.396054,Jaquirana,,Sul,ANEL 5 LITORAL,0,,1
ciena,4739781995161854331,T-OPT-OCH,INFO,2025-09-19T13:19:14,,1PAS-PFOC14-001,NMCMON-1-2-8-192350000,NMCMON,T-OPT-OCH,1PAS-PFO,1PAS-PFOC14-001,Passo Fundo,1PAS-PFO,LT Passo Fundo - Farropilha - Torre218,Subestação Passo Fundo,-27.484456,-52.718789,Passo Fundo,,Sul,ANEL 5 INTERIOR,0,,1
ciena,5572001994042540397,T-OPT-OCH,INFO,2025-09-19T13:19:15,,1CPM-CPOC14-001,NMCMON-1-2-8-192350000,NMCMON,T-OPT-OCH,1CPM-CPO,1CPM-CPOC14-001,Campo Mourão,1CPM-CPO,Rodovia BR 487 km 4,Estrada Iretama,-24.075618,-52.367594,Campo Mourão,,Sul,ANEL 5 INTERIOR,0,,1
ciena,-2216664002183096540,T-OPT-OCH,INFO,2025-09-11T04:11:01,,1JVE-JVDC14-001,NMCMON-1-2-8-194681250,NMCMON,T-OPT-OCH,1JVE-JVD,1JVE-JVDC14-001,Joinville,1JVE-JVD,Rua XV de Novembro 5050-Vila Nova,Localizada dentro da SE Eletrosul,-26.28872,-48.88703,Joinville,,Sul,ANEL 5 LITORAL,0,,1
ciena,-6627225129139072467,T-OPT-OCH,INFO,2025-09-19T04:20:14,,1SSL-SMSC14-001,NMCMON-1-2-8-195243750,NMCMON,T-OPT-OCH,1SSL-SMS,1SSL-SMSC14-001,São Mateus do Sul,1SSL-SMS,Rodovia BR 364 s/n,Colônia Canoa,-25.851675,-50.403897,São Mateus do Sul,,Sul,ANEL 5 LITORAL,0,,1
ciena,5772294054801050613,T-OPT-OCH,INFO,2025-09-19T04:18:30,,1ORG-OTAC14-001,NMCMON-1-2-8-195243750,NMCMON,T-OPT-OCH,1ORG-OTA,1ORG-OTAC14-001,Ortigueira,1ORG-OTA,Rodovia BR 376 km 147,12Km de Ortigueira em direção,-24.134728,-51.003466,Ortigueira,,Sul,ANEL 5 LITORAL,0,,1
ciena,8607814722505891045,T-OPT-OCH,INFO,2025-09-19T04:18:00,,1APO-APIC14-001,NMCMON-1-2-8-195243750,NMCMON,T-OPT-OCH,1APO-API,1APO-APIC14-001,Arapoti,1APO-API,Rodovia PR 153,Bairro Caratuva ,-23.989436,-50.145794,Arapoti,,Sul,ANEL 5 LITORAL,0,,1
ciena,5635746223270670552,T-OPT-OCH,INFO,2025-09-19T13:19:15,,1QIG-SOOC14-001,NMCMON-1-3-8-192350000,NMCMON,T-OPT-OCH,1QIG-SOO,1QIG-SOOC14-001,Salto Osório,1QIG-SOO,Rodovia PR 473 km 33,SE SALTO OSÓRIO,-25.540475,-53.012061,Quedas do Iguaçu,,Sul,ANEL 5 INTERIOR,0,,1
ciena,-6876050998353599580,T-OPT-OCH,INFO,2025-09-19T13:20:29,,1SIE-SDSC14-001,NMCMON-1-4-5-192350000,NMCMON,T-OPT-OCH,1SIE-SDS,1SIE-SDSC14-001,Siderópolis,1SIE-SDS,Rodovia SC 445,SE Eletrosul,-28.601968,-49.41205,Siderópolis,,Sul,ANEL 5 LITORAL,0,,1
ciena,2743529051559506827,T-OPT-OCH,INFO,2025-09-19T13:20:30,,1CPVA-JLBC14-001,NMCMON-1-4-5-192350000,NMCMON,T-OPT-OCH,1CPVA-JLB,1CPVA-JLBC14-001,Jorge Lacerda,1CPVA-JLB,Av. Paulo Santos Mello s/n,Capivari de Baixo,-28.45547,-48.96994,Capivari de Baixo,,Sul,ANEL 5 LITORAL,0,,1
ciena,-4750325050195128295,T-OPT-OCH,INFO,2025-09-19T13:19:14,,1XXE-XXEC14-001,NMCMON-1-5-5-192350000,NMCMON,T-OPT-OCH,1XXE-XXE,1XXE-XXEC14-001,Xanxerê,1XXE-XXE,"Rua: André Miranda, s/n",Bairro dos Esportes,-26.86274,-52.394953,Xanxerê,,Sul,ANEL 5 INTERIOR,0,,1
ciena,-4919305032999477361,T-OPT-OCH,INFO,2025-09-23T21:12:29,,2PAE-NAJC14-001,NMCMON-1-9-5-195200000,NMCMON,T-OPT-OCH,2PAE-NAJ,2PAE-NAJC14-001,Porto Alegre NAJA,2PAE-NAJ,"Rua Furriel Luiz Antonio de Vargas, 250 ? Sala 804 - ",Bairro Bela Vista,-30.027397,-51.182561,Porto Alegre,,Sul,,1,,1
ciena,8187104706242193178,T-OPT-OCH,INFO,2025-09-23T21:12:29,,1GTI-GTDC14-002,NMCMON-2-9-7-195200000,NMCMON,T-OPT-OCH,1GTI-GTD,1GTI-GTDC14-002,Gravataí,1GTI-GTD,"Av. Henrique Closs, 740",Costa do Ipiranga,-29.881661,-51.061497,Gravataí,,Sul,ANEL 5 LITORAL,1,,1
ciena,9004581029877658287,T-UAS-ODU,INFO,2025-09-22T12:15:14,,1GAO-GAOC14-001,OTM2-1-7-1,OTM2,T-UAS-ODU,1GAO-GAO,1GAO-GAOC14-001,Guaporé,1GAO-GAO,Linha 21 de Abril,Morro do Cristo,-28.84761,-51.947863,Guaporé,,Sul,ANEL 5 INTERIOR,0,,1
ciena,7008003614971306522,T-CV-ODU,INFO,2025-09-23T13:50:29,,1PAS-MCOC14-002,OTM4-1-10-100,OTM,T-CV-ODU,1PAS-MCO,1PAS-MCOC14-002,Mato Castelhano,1PAS-MCO,Rod. BR 285 nr 7050,Povinho Velho - Distrito Pinheirinho,-28.247016,-52.289729,Passo Fundo,,Sul,ANEL 5 INTERIOR,0,,1
ciena,-1007759432601330817,T-HCCS-OTU,INFO,2025-09-22T05:35:45,,1PBC-PBOC14-002,OTM4-1-13-1,OTM,T-HCCS-OTU,1PBC-PBO,1PBC-PBOC14-002,Pato Branco,1PBC-PBO,"R. Arthur Bernardes, s/n - Bortoti",Bairro São Luis,-26.210947,-52.672945,Pato Branco,,Sul,ANEL 5 INTERIOR,0,,1
ciena,-856199540499047974,T-OPRNLOW-OCH,INFO,2025-09-23T20:26:59,,1MGA-MGAC14-001,PTP-1-8-2,PTP,T-OPRNLOW-OCH,1MGA-MGA,1MGA-MGAC14-001,Maringá,1MGA-MGA,"Rodovia PR-317, km 11",Torre169-LT Maringá-Campo Mourão,-23.50571,-52.01503,Maringá,,Sul,ANEL 5 INTERIOR,1,,1
ciena,-4381770944391169520,T-OPRN-OTS,INFO,2025-09-24T13:20:30,,1CTA-CTAC14-001,PTP-2-12-11,PTP,T-OPRN-OTS,1CTA-CTA,1CTA-CTAC14-001,Curitiba,1CTA-CTA,Rodovia BR 116 km 121,Tatuquara,-25.594013,-49.319117,Curitiba,,Sul,ANEL 5 LITORAL,1,,1
ciena,-6697268591240656283,"Remote transfer of files for 'REL1691Z.LQ' - 163 of 164 MB, 20 of 20 Files",INFO,2025-09-05T18:31:50,,4LDA-LGTC07-001,SP-1-15,COM,SWFTDWN,4LDA-LGT,4LDA-LGTC07-001,Londrina LGT,4LDA-LGT,"Av. Jules Verne, 1111 - Pq. Industrial Cacique",,-23.290449,-51.229189,Londrina,,Sul,,0,,1
ciena,-5869721492688853004,Release 'REL1691Z.LQ' successfully delivered,INFO,2025-09-04T15:33:58,,4CTA-GCGC14-001,SP-1-15,COM,SWFTDWN,4CTA-GCG,4CTA-GCGC14-001,Curitiba GLOBALCROSSING,4CTA-GCG,"R. do Semeador - Cidade Industrial de Curitiba, Curitiba - PR, 81260-000",,-25.47011,-49.35027,Curitiba,,Sul,,0,,1
ciena,-8066213815859023311,Commit upgrade passed. Slot(s) 01 02 03 15 16 passed,INFO,2025-09-09T18:41:01,,4PAE-GCGC14-001,SP-1-15,COM,SWFTDWN,4PAE-GCG,4PAE-GCGC14-001,Porto Alegre GLOBALCROSSING,4PAE-GCG,"Av. Berlim, 922-848 - São Geraldo, Porto Alegre - RS, 90240-580",,-30.01522,-51.19484,Porto Alegre,,Sul,,0,,1
padtec,15430523,Tempo de resposta excedido (sc),CRITICAL,2025-08-20T14:09:38,,03 - 2PAE-SCA16L-001,SPVL-HB#5908,ROUTER,,2PAE-SCA,,Porto Alegre SCA,2PAE-SCA,"Av. Pernambuco, 1124 - Navegantes, Porto Alegre - RS, 90240-001",,-30.00278,-51.198155,Porto Alegre,,Sul,,0,,1
,,,,,,,,,,,,PIX - Teste,1TES-PIX,"Avenida Alfredo Egidio de Souza Aranha, 100 - 13º andar - Bloco D",Andar 13,-28.282828,-27.272727,São Paulo,,São Paulo,,0,,1
,,,,,,,,,,,,Laboratório Granja Julieta,9SPO-LAB,"Av. Alfredo Edgídio de S. Aranha, 100-Chácara Sto. Antonio",Bloco C - Térreo,0,0,São Paulo,,São Paulo,,0,,1
,,,,,,,,,,,,Vinhedo,4VIN-ADC,Data Center da Ascenty ,,0,0,Vinhedo,,São Paulo,,0,,1
,,,,,,,,,,,,Santo André,1SNE-SAE,"Rua Xavier de Toledo, 367",Centro - subestação da Tim Fiber,-23.661209,-46.523508,Santo André,,São Paulo,,0,,1
,,,,,,,,,,,,São Pedro do Turvo,1STR-STR,Torre 152,linha de Transmissão Sumaré-Assis,-22.737215,-49.718406,São Pedro do Turvo,,São Paulo,,0,,1
,,,,,,,,,,,,SIte TESTE - Integração ,1TES-TES,"Avenida Alfredo Egidio de Souza Aranha, 100 - 13º andar - Bloco D",Andar 13,-23.232323,-24.242424,São Paulo,,São Paulo,,0,,1
,,,,,,,,,,,,São Paulo ELEA,2SPO-ELA,"Av. Guido Caloi, 1000, Bloco 7, Condomínio Panamerica Park - São Paulo - SP",,-23.652005,-46.726205,São Paulo,,São Paulo,,0,,1
,,,,,,,,,,,,São Paulo GLOBO,4SPO-GCP,"Av. Chucri Zaidan, 46 ",,0,0,São Paulo,,São Paulo,,0,,1
,,,,,,,,,,,,PIX CAMPINAS,2CAS-PTT,"Rua Conceição, 233",,-22.904529,-47.05736,Campinas,,São Paulo,,0,,1
ciena,-3142413031467744247,T-ORL-OTS,INFO,2025-09-23T20:14:30,,1GRS-GRSC14-002,AMP-2-1-6,AMP,T-ORL-OTS,1GRS-GRS,1GRS-GRSC14-002,Guarulhos,1GRS-GRS,"Rua Ushikichi Kamiya, 684",Tremembé,-23.442916,-46.586113,São Paulo,,São Paulo,ANEL 1,1,,1
ciena,6165059878659286866,Porta Aberta,MINOR,2025-09-23T18:46:53,,1AGS-AMOC14-001,ENV-1-5,ENV,OPENDR,1AGS-AMO,1AGS-AMOC14-001,Água do Meio,1AGS-AMO,"Rodovia SP 280, km 305,75",SE Sumaré 19-3873 9900/.9922 Informar IN/OUT,-22.754442,-49.380872,Agudos,Major,São Paulo,ANEL 5 INTERIOR,0,Acesso,1
ciena,8330911565295251277,T-SES-E,INFO,2025-09-23T10:17:00,,1SPO-GJAC14-002,ETH10G-1-4-3,ETH10G,T-SES-E,1SPO-GJA,1SPO-GJAC14-002,Granja Julieta,1SPO-GJA,Av. Alfredo Egídio de Souza Aranha 100,Bloco C - Térreo Granja Julieta,-23.632842,-46.711896,São Paulo,,São Paulo,,0,,1
ciena,1768883593463073339,T-UAS-PCS,INFO,2025-09-11T13:30:15,,2BRE-SP2C07-001,ETH10G-1-5-5,ETH10G,T-UAS-PCS,2BRE-SP2,2BRE-SP2C07-001,SP2 EQUINIX Data Center,2BRE-SP2,"Alameda Araguaia, 3641",EQUINIX,-46.82714,-23.50258,Barueri,,São Paulo,,0,,1
ciena,-7646879786592798798,T-SES-E,INFO,2025-09-24T09:33:45,,2BRE-SP4C07-001,ETTP-1-6-5,ETTP,T-SES-E,2BRE-SP4,2BRE-SP4C07-001,SP4 EQUINIX Data Center,2BRE-SP4,"Av. Ceci, 1900",EQUINIX,-46.81614,-23.4981,Barueri,,São Paulo,,1,,1
ciena,-5319564016894705203,Channel Degrade,MINOR,2025-09-19T04:46:36,,1IER-ITAC14-001,NMCC-1-4-5-4-1,NMCC,SIGNAL_DEGRADE_OCH,1IER-ITA,1IER-ITAC14-001,Itaberá,1IER-ITA,Rodovia SP 267 km 334,Bairro Cambará,-23.952336,-49.134589,Itaberá,,São Paulo,ANEL 5 LITORAL,1,,1
ciena,-1435625872807142910,Channel Degrade,MINOR,2025-09-23T16:12:02,,1CAS-CPSC14-002,NMCC-1-5-5-44-1,NMCC,SIGNAL_DEGRADE_OCH,1CAS-CPS,1CAS-CPSC14-002,Campinas,1CAS-CPS,Rod. Campinas - Mogi Mirim km 12,,-22.776373,-47.003538,Campinas,,São Paulo,ANEL 5 INTERIOR,0,,1
ciena,-1842704934134559907,T-OPT-OCH,INFO,2025-09-23T15:20:15,,1OCO-OSAC14-001,NMCMON-1-2-7-192000000,NMCMON,T-OPT-OCH,1OCO-OSA,1OCO-OSAC14-001,Osasco,1OCO-OSA,"Rua André Rovai, 872",,-23.523053,-46.785464,São Paulo,,São Paulo,,0,,1
ciena,-4864812604573044007,T-OPT-OCH,INFO,2025-09-23T04:11:15,,1SML-SMLC14-001,NMCMON-1-4-5-192950000,NMCMON,T-OPT-OCH,1SML-SML,1SML-SMLC14-001,São Manuel,1SML-SML,Rodovia Geraldo de Barros (SP-191) KM193,FAZENDA SANTA SOFIA,-22.77522,-48.53239,São Manuel,,São Paulo,ANEL 5 INTERIOR,0,,1
ciena,3752537581939705897,T-OPT-OCH,INFO,2025-09-19T04:18:45,,1IBN-IBAC14-001,NMCMON-1-4-8-195243750,NMCMON,T-OPT-OCH,1IBN-IBA,1IBN-IBAC14-001,Ibiúna,1IBN-IBA,Estrada SP -250 - km 56,,-23.6675,-47.10096,Ibiúna,,São Paulo,ANEL 1,0,,1
ciena,5530653325952596278,T-OPT-OCH,INFO,2025-09-19T04:17:29,,1IGA-IPAC14-001,NMCMON-1-4-8-195243750,NMCMON,T-OPT-OCH,1IGA-IPA,1IGA-IPAC14-001,Itapetininga,1IGA-IPA,Estrada das Antas S/N,Bairro Varginha,-23.715463,-48.188185,Itapetininga,,São Paulo,ANEL 5 LITORAL,0,,1
ciena,6745798137338561019,T-OPT-OCH,INFO,2025-09-19T04:17:59,,1PDD-SVMC14-001,NMCMON-1-5-8-195243750,NMCMON,T-OPT-OCH,1PDD-SVM,1PDD-SVMC14-001,Salto da Vargem,1PDD-SVM,Estrada Sítio dos Tavares S/N,Próximo ao município de Ibiúna,-23.783288,-47.259855,Ibiúna,,São Paulo,ANEL 5 LITORAL,0,,1
ciena,2356888215263376702,T-SES-ODU,INFO,2025-09-21T13:29:30,,1MCZ-TPOC14-002,ODUCTP-1-12-3-FP1,ODUCTP,T-SES-ODU,1MCZ-TPO,1MCZ-TPOC14-002,Tijuco Preto,1MCZ-TPO,"Rod. SP 43, km 68",Quatinga,-23.708529,-46.277492,Mogi das Cruzes,,São Paulo,ANEL 1,0,,1
ciena,-2597074267240378868,T-UAS-L,INFO,2025-09-17T16:15:15,,4COA-GCGC14-001,OSC-1-1-2,OSC,T-UAS-L,4COA-GCG,4COA-GCGC14-001,Cotia GlobalCrossing,4COA-GCG,"Avenida Eid Mansur, 666 - Rodovia raposo Tavares - Km 25 - Parque São Jorge",,-46.84902,-23.59801,Cotia,,São Paulo,,0,,1
ciena,4347884702856785239,T-CV-OTU,INFO,2025-09-23T13:27:45,,1SALN-SHOC14-001,OTM2-1-5-6,OTM2,T-CV-OTU,1SALN-SHO,1SALN-SHOC14-001,Saltinho,1SALN-SHO,"Rodovia SP 127 (Cornélio Pires) km 52,5",,-22.859683,-47.687053,Saltinho,,São Paulo,ANEL 5 INTERIOR,0,,1
ciena,-1982594977060840964,T-SES-ODU,INFO,2025-09-23T13:50:30,,1ASI-ASSC14-001,OTM2-1-7-11,OTM2,T-SES-ODU,1ASI-ASS,1ASI-ASSC14-001,Assis,1ASI-ASS,"Rodovia Raposo Tavares, km 438",Bairro Morro Alto do Pavão,-22.670074,-50.351061,Assis,,São Paulo,ANEL 5 INTERIOR,0,,1
padtec,15443877,Comando Recebido (Ressincronizar histórico),WARNING,2025-08-24T15:45:13,2025-08-24T15:45:13,03 - 1CHP-CPA16L-001,SSC-AAAA#1765,SSC,COMMAND,1CHP-CPA,,Cachoeira Paulista,1CHP-CPA,"Rod. SP-58, km 207/208",Embau,-22.631645,-45.033899,Cachoeira Paulista,,São Paulo,ANEL 1,0,,1
padtec,15440479,BDI (ODU),MAJOR,2025-08-23T03:16:30,2025-08-23T03:17:21,4SPO-CST16L-001,T100DCT-4GTMYL#137,TRANSPONDER,ODU,4SPO-CST,,São Paulo COMSAT,4SPO-CST,"Rua Sansão Alves dos Santos, 76 - Cidade Monções, São Paulo - SP",,-23.606405,-46.694952,São Paulo,,São Paulo,,0,,1
padtec,15440589,Falha Ethernet Remota,CRITICAL,2025-08-23T03:35:35,2025-08-23T03:37:32,02 - 1NAN-NTS16L-001,T100DCT-4GTMYL#2584,TRANSPONDER,FAIL,1NAN-NTS,,Nantes,1NAN-NTS,Rodovia SP-457 km 17 ,mais 200m (entre Ipê e Rancharia),-22.570621,-51.060555,Nantes,,São Paulo,,0,,1
padtec,15425064,Falha remota (Port 1),MAJOR,2025-08-18T12:43:50,2025-08-18T12:43:50,02 - 2SPB-SP316L-001,TD100G-HA#311,TRANSPONDER,FAIL,2SPB-SP3,,SP3 EQUINIX Data Center,2SPB-SP3,"Av. Marcos Penteado de Ulhôa Rodrigues, 249",EQUINIX,-23.46612,-46.86319,Santana de Parnaíba,,São Paulo,,0,,1
padtec,15442288,LOS no canal (C59),MAJOR,2025-08-24T00:25:44,2025-08-24T00:26:02,02 - 1TTE-TBE16L-001,WSS-9105C40AA#549,ROADM_WSS,CHANNEL,1TTE-TBE,,Taubaté,1TTE-TBE,Torre 250 da LT TPO-CPA (FURNAS),Fazenda Palmeira - Bairro dos Remédios,-23.068031,-45.504072,Taubaté,,São Paulo,ANEL 1,0,,1